Label,Label,Github ID,Tutor,Reviewer
tutorial.F09,team.A1,blackroxs,,satyam-cyc
tutorial.F09,team.A1,huyuanrong,,satyam-cyc
tutorial.F09,team.A1,justintkj,,satyam-cyc
tutorial.F09,team.A1,liuhang0213,,satyam-cyc
tutorial.F09,team.A2,aungmyin23,,satyam-cyc
tutorial.F09,team.A2,thehelpfulbees,,satyam-cyc
tutorial.F09,team.A2,martyn-wong,,satyam-cyc
tutorial.F09,team.A2,shitian007,,satyam-cyc
tutorial.F09,team.A3,Botasky7,,louislai
tutorial.F09,team.A3,bokwoon95,,louislai
tutorial.F09,team.A3,Sri-vatsa,,louislai
tutorial.F09,team.A3,Haozhe321,,louislai
tutorial.F09,team.A4,fongwz,,louislai
tutorial.F09,team.A4,liliwei25,,louislai
tutorial.F09,team.A4,thanhson16198,,louislai
tutorial.F09,team.A4,sushinoya,,louislai
tutorial.F10,team.A1,Yuchenhe98,,whipermr5
tutorial.F10,team.A1,KhawYewOnn,,whipermr5
tutorial.F10,team.A1,Labradorites,,whipermr5
tutorial.F10,team.A1,meiyi1234,,whipermr5
tutorial.F10,team.A2,joanneong,,whipermr5
tutorial.F10,team.A2,henryheyhey92,,whipermr5
tutorial.F10,team.A2,TanYikai,,whipermr5
tutorial.F10,team.A2,renkai91,,whipermr5
tutorial.F10,team.A3,hjc2304@gmail.com,,cmkumar87
tutorial.F10,team.A3,Choony93,,cmkumar87
tutorial.F10,team.A3,KiKanNG,,cmkumar87
tutorial.F10,team.A3,Xenonym,,cmkumar87
tutorial.F10,team.A4,NUSe0032202,,cmkumar87
tutorial.F10,team.A4,DericKJW,,cmkumar87
tutorial.F10,team.A4,aver0214,,cmkumar87
tutorial.F10,team.A4,wenmogu,,cmkumar87
tutorial.F11,team.A1,karrui,,PierceAndy
tutorial.F11,team.A1,sofarsophie,,PierceAndy
tutorial.F11,team.A1,hansiang93,,PierceAndy
tutorial.F11,team.A2,AngularJiaSheng,,PierceAndy
tutorial.F11,team.A2,sunarjo-denny,,PierceAndy
tutorial.F11,team.A2,kengying,,PierceAndy
tutorial.F11,team.A3,basyiro,,cmkumar87
tutorial.F11,team.A3,bladerail,,cmkumar87
tutorial.F11,team.A3,zenghou,,cmkumar87
tutorial.F11,team.A4,syy94,,cmkumar87
tutorial.F11,team.A4,yewshengkai,,cmkumar87
tutorial.F11,team.A4,zhoukai07,,cmkumar87
tutorial.T09,team.A1,inGall,,jeffryhartanto
tutorial.T09,team.A1,low5545,,jeffryhartanto
tutorial.T09,team.A1,nelsonqyj,,jeffryhartanto
tutorial.T09,team.A2,cqhchan,,jeffryhartanto
tutorial.T09,team.A2,limyongsong,,jeffryhartanto
tutorial.T09,team.A2,dennaloh,,jeffryhartanto
tutorial.T09,team.A2,kyngyi,,jeffryhartanto
tutorial.T09,team.A3,Melvin-leo,,ngsikai
tutorial.T09,team.A3,NabeelZhr,,ngsikai
tutorial.T09,team.A3,junyango,,ngsikai
tutorial.T09,team.A3,duyson98,,ngsikai
tutorial.T09,team.A4,syabildoo,,ngsikai
tutorial.T09,team.A4,yunpengn,,ngsikai
tutorial.T09,team.A4,Houjisan,,ngsikai
tutorial.T10,team.A1,vmlimshimin,,jeffryhartanto
tutorial.T10,team.A1,Hailinx,,jeffryhartanto
tutorial.T10,team.A1,yuheng222,,jeffryhartanto
tutorial.T10,team.A1,Affalen,,jeffryhartanto
tutorial.T10,team.A2,TravisPhey,,jeffryhartanto
tutorial.T10,team.A2,qihao27,,jeffryhartanto
tutorial.T10,team.A2,wishingmaid,,jeffryhartanto
tutorial.T10,team.A2,Infinity-Ace,,jeffryhartanto
tutorial.T10,team.A3,aaronyhsoh,,madsonic
tutorial.T10,team.A3,nguyenvanhoang7398,,madsonic
tutorial.T10,team.A3,WangJieee,,madsonic
tutorial.T10,team.A3,zengfengw,,madsonic
tutorial.T10,team.A4,estois,,madsonic
tutorial.T10,team.A4,AceCentury,,madsonic
tutorial.T10,team.A4,JavynThun,,madsonic
tutorial.T10,team.A4,valensia0711,,madsonic
tutorial.T11,team.A1,royceljh,,OuyangDanwen
tutorial.T11,team.A1,AhmadAlkaff,,OuyangDanwen
tutorial.T11,team.A1,tpq95,,OuyangDanwen
tutorial.T11,team.A1,PokkaKiyo,,OuyangDanwen
tutorial.T11,team.A2,phuajunjie,,OuyangDanwen
tutorial.T11,team.A2,raisa2010,,OuyangDanwen
tutorial.T11,team.A2,jshoung,,OuyangDanwen
tutorial.T11,team.A2,sidhmads,,OuyangDanwen
tutorial.T11,team.A3,e0007502,,eugenepeh
tutorial.T11,team.A3,eryao95,,eugenepeh
tutorial.T11,team.A3,soonwj,,eugenepeh
tutorial.T11,team.A3,viviantan95,,eugenepeh
tutorial.T11,team.A4,philemontan,,eugenepeh
tutorial.T11,team.A4,@srishag,,eugenepeh
tutorial.T11,team.A4,tanchc,,eugenepeh
tutorial.T11,team.A4,tby1994,,eugenepeh
tutorial.T12,team.A1,aali195,,OuyangDanwen
tutorial.T12,team.A1,vsudhakar,,OuyangDanwen
tutorial.T12,team.A1,namvd2709,,OuyangDanwen
tutorial.T12,team.A1,wshijing,,OuyangDanwen
tutorial.T12,team.A2,arturs68,,OuyangDanwen
tutorial.T12,team.A2,KhorSL,,OuyangDanwen
tutorial.T12,team.A2,aggarwalRuchir,,OuyangDanwen
tutorial.T12,team.A2,sarahane,,OuyangDanwen
tutorial.T12,team.A3,adileyzekmoon,,eugenepeh
tutorial.T12,team.A3,grantcm,,eugenepeh
tutorial.T12,team.A3,joppeel,,eugenepeh
tutorial.T12,team.A3,phungtuanhoang1996,,eugenepeh
tutorial.T12,team.A4,LauY99,,eugenepeh
tutorial.T12,team.A4,4639426,,eugenepeh
tutorial.T12,team.A4,risashindo7,,eugenepeh
tutorial.T13,team.A1,siri99,,okkhoy
tutorial.T13,team.A1,ng95junwei,,okkhoy
tutorial.T13,team.A1,LinusMelb,,okkhoy
tutorial.T13,team.A1,Pujitha97,,okkhoy
tutorial.T13,team.A2,#19853217,,XinyiYS
tutorial.T13,team.A2,arnollim,,XinyiYS
tutorial.T13,team.A2,Manish1Dahiya,,XinyiYS
tutorial.T13,team.A2,OscarWang114,,XinyiYS
tutorial.T13,team.A3,jvossy,,XinyiYS
tutorial.T13,team.A3,Juxarius,,XinyiYS
tutorial.T13,team.A3,RSJunior37,,XinyiYS
tutorial.T14,team.A1,hthjthtrh,,K1ang
tutorial.T14,team.A1,tingtx,,K1ang
tutorial.T14,team.A1,willxujun,,K1ang
tutorial.T14,team.A1,Reginleiff,,K1ang
tutorial.T14,team.A1,Ruohua-zhou,,K1ang
tutorial.T14,team.A2,heiseish,,K1ang
tutorial.T14,team.A2,huiyiiih,,K1ang
tutorial.T14,team.A2,kaiyu92,,K1ang
tutorial.T14,team.A2,eeching,,K1ang
tutorial.T14,team.A3,LuLechuan,,ang-zy
tutorial.T14,team.A3,majunting,,ang-zy
tutorial.T14,team.A3,keloysiusmak,,ang-zy
tutorial.T14,team.A3,jaime-lanister,,ang-zy
tutorial.T14,team.A4,quanle1994,,ang-zy
tutorial.T14,team.A4,NgSuli,,ang-zy
tutorial.T14,team.A4,ngzuyao,,ang-zy
tutorial.T14,team.A4,sebtsh,,ang-zy
tutorial.T15,team.A1,deep4k,,K1ang
tutorial.T15,team.A1,chernghann,,K1ang
tutorial.T15,team.A1,jhchia7,,K1ang
tutorial.T15,team.A1,icehawker,,K1ang
tutorial.T15,team.A2,17navasaw,,K1ang
tutorial.T15,team.A2,aziziazfar,,K1ang
tutorial.T15,team.A2,six3oo,,K1ang
tutorial.T15,team.A2,DarrenCzen,,K1ang
tutorial.T15,team.A3,ALim95,,okkhoy
tutorial.T15,team.A3,minghui94,,okkhoy
tutorial.T15,team.A3,itsdickson,,okkhoy
tutorial.T15,team.A3,jin-ting,,okkhoy
tutorial.T15,team.A4,archthegit,,okkhoy
tutorial.T15,team.A4,CT15,,okkhoy
tutorial.T15,team.A4,moomeowroar,,okkhoy
tutorial.T15,team.A4,wynkheng1@gmail.com,,okkhoy
tutorial.T16,team.A1,Kowalski985,,brandonyeoxg
tutorial.T16,team.A1,mzxc152,,brandonyeoxg
tutorial.T16,team.A1,limcel,,brandonyeoxg
tutorial.T16,team.A1,pwenzhe,,brandonyeoxg
tutorial.T16,team.A2,Kennard123661,,brandonyeoxg
tutorial.T16,team.A2,#28557829,,brandonyeoxg
tutorial.T16,team.A2,lenaldnwj,,brandonyeoxg
tutorial.T16,team.A2,Valerieyue,,brandonyeoxg
tutorial.T16,team.A3,fustilio,,Skaty
tutorial.T16,team.A3,nahtanojmil,,Skaty
tutorial.T16,team.A3,hymss,,Skaty
tutorial.T16,team.A4,vicisapotato,,Skaty
tutorial.T16,team.A4,lincredibleJC,,Skaty
tutorial.T16,team.A4,thegreatkang,,Skaty
tutorial.T16,team.A4,justuswah,,Skaty
tutorial.T17,team.A1,EricLoh,,brandonyeoxg
tutorial.T17,team.A1,stan789,,brandonyeoxg
tutorial.T17,team.A1,lawwman,,brandonyeoxg
tutorial.T17,team.A1,mavistoh,,brandonyeoxg
tutorial.T17,team.A2,eldonng,,ang-zy
tutorial.T17,team.A2,Gideonfu,,ang-zy
tutorial.T17,team.A2,khooroko,,ang-zy
tutorial.T17,team.A2,rushan-khor,,ang-zy
tutorial.T17,team.A3,darrinloh,,liuyang1213
tutorial.T17,team.A3,b02b01,,liuyang1213
tutorial.T17,team.A3,Jeremylsw,,liuyang1213
tutorial.T17,team.A4,LimeFallacie,,liuyang1213
tutorial.T17,team.A4,ErnestOYH,,liuyang1213
tutorial.T17,team.A4,FrozVentus,,liuyang1213
tutorial.T17,team.A4,jaivigneshvenugopal,,liuyang1214
tutorial.W09,team.A1,JiangLingshuo,,damithc
tutorial.W09,team.A1,wangyiming1019,,damithc
tutorial.W09,team.A1,zacharytang,,damithc
tutorial.W09,team.A1,ZhangH795,,damithc
tutorial.W09,team.A2,cjianhui,,damithc
tutorial.W09,team.A2,jeffreygohkw,,damithc
tutorial.W09,team.A2,nbriannl,,damithc
tutorial.W09,team.A2,dalessr,,damithc
tutorial.W09,team.A3,April0616,,ZawadulFarhan
tutorial.W09,team.A3,Esilocke,,ZawadulFarhan
tutorial.W09,team.A3,nassy93,,ZawadulFarhan
tutorial.W09,team.A3,Pengyuz,,ZawadulFarhan
tutorial.W09,team.A4,eldriclim,,ZawadulFarhan
tutorial.W09,team.A4,charlesgoh,,ZawadulFarhan
tutorial.W09,team.A4,Procrastinatus,,ZawadulFarhan
tutorial.W09,team.A4,CindyTsai1,,ZawadulFarhan
tutorial.W10,team.A1,Jemereny,,damithc
tutorial.W10,team.A1,hxy0229,,damithc
tutorial.W10,team.A1,500poundbear,,damithc
tutorial.W10,team.A1,KeithSOC,,damithc
tutorial.W10,team.A2,alexfoodw,,damithc
tutorial.W10,team.A2,donjar,,damithc
tutorial.W10,team.A2,quangtdn,,damithc
tutorial.W10,team.A3,chilipadiboy,,nishantbudhdev
tutorial.W10,team.A3,marvinchin,,nishantbudhdev
tutorial.W10,team.A3,kenpaxtonlim,,nishantbudhdev
tutorial.W10,team.A3,yanji1221,,nishantbudhdev
tutorial.W10,team.A4,chrisboo,,nishantbudhdev
tutorial.W10,team.A4,erik0704,,nishantbudhdev
tutorial.W10,team.A4,Zzmobie,,nishantbudhdev
tutorial.W10,team.A4,sarahnzx,,nishantbudhdev
tutorial.W11,team.A2,ZY-Ang,,okkhoy
tutorial.W11,team.A2,nicholaschuayunzhi,,okkhoy
tutorial.W11,team.A2,k-l-a,,okkhoy
tutorial.W11,team.A2,JYL123,,okkhoy
tutorial.W11,team.A3,chairz,,nishantbudhdev
tutorial.W11,team.A3,hanselblack,,nishantbudhdev
tutorial.W11,team.A3,jo-lyn,,nishantbudhdev
tutorial.W11,team.A3,teclu,,nishantbudhdev
tutorial.W11,team.A3,zhangshuoyang,,nishantbudhdev
tutorial.W11,team.A4,goweiwen,,nishantbudhdev
tutorial.W11,team.A4,gabriellhs,,nishantbudhdev
tutorial.W11,team.A4,nadhira15,,nishantbudhdev
tutorial.W11,team.A4,mingruiii,,nishantbudhdev
tutorial.W13,team.A1,alexanderleegs,,hovinh
tutorial.W13,team.A1,RonakLakhotia,,hovinh
tutorial.W13,team.A1,vivekscl,,hovinh
tutorial.W13,team.A1,junming403,,hovinh
tutorial.W13,team.A2,angtianlannus,,hovinh
tutorial.W13,team.A2,derrickchua,,hovinh
tutorial.W13,team.A2,jacoblipech,,hovinh
tutorial.W13,team.A2,yangminxingnus,,hovinh
tutorial.W13,team.A3,cctdaniel,,nishantbudhdev
tutorial.W13,team.A3,LeeYingZheng,,nishantbudhdev
tutorial.W13,team.A3,newalter,,nishantbudhdev
tutorial.W13,team.A3,pjunwei95,,nishantbudhdev
tutorial.W13,team.A4,caoliangnus,,nishantbudhdev
tutorial.W13,team.A4,ChenXiaoman,,nishantbudhdev
tutorial.W13,team.A4,LimYangSheng,,nishantbudhdev
tutorial.W13,team.A4,taojiashu,,nishantbudhdev
tutorial.W14,team.A1,chuaweiwen,,okkhoy
tutorial.W14,team.A1,conantteo,,okkhoy
tutorial.W14,team.A1,HouDenghao,,okkhoy
tutorial.W14,team.A1,wenzongteo,,okkhoy
tutorial.W14,team.A2,#251231,,okkhoy
tutorial.W14,team.A2,justinpoh,,okkhoy
tutorial.W14,team.A2,LeonChowWenHao,,okkhoy
tutorial.W14,team.A2,ritchielq,,okkhoy
tutorial.W14,team.A3,awarenessxz,,alvinlyj
tutorial.W14,team.A3,CeliaHuuuu,,alvinlyj
tutorial.W14,team.A3,JunQuann,,alvinlyj
tutorial.W14,team.A3,tshradheya,,alvinlyj
tutorial.W14,team.A4,edwinghy,,alvinlyj
tutorial.W14,team.A4,Adoby7,,alvinlyj
tutorial.W14,team.A4,hengyu95,,alvinlyj
tutorial.W14,team.A4,tbhbhbh,,alvinlyj
tutorial.W15,team.A1,freesoup,,okkhoy
tutorial.W15,team.A1,limshunyong,,okkhoy
tutorial.W15,team.A1,pohjie,,okkhoy
tutorial.W15,team.A1,yuzu1209,,okkhoy
tutorial.W15,team.A2,ShaocongDong,,fanyiii
tutorial.W15,team.A2,kosyoz,,fanyiii
tutorial.W15,team.A2,JasmineSee,,fanyiii
tutorial.W15,team.A2,zameschua,,fanyiii
tutorial.W15,team.A3,hooncheeyu,,okkhoy
tutorial.W15,team.A3,nusjzx,,okkhoy
tutorial.W15,team.A3,blaqkrow,,okkhoy
tutorial.W15,team.A3,ReneeSeet,,okkhoy
tutorial.W15,team.A4,1moresec,,fanyiii
tutorial.W15,team.A4,danielweide,,fanyiii
tutorial.W15,team.A4,john19950730,,fanyiii
tutorial.W15,team.A4,immapotato,,fanyiii