Label,Label,Github Username,Supervisor,Reviewer
tutorial.W09,team.B1,charmaineleehc,hwkchia,eugenepeh
tutorial.W09,team.B1,whenzei,hwkchia,eugenepeh
tutorial.W09,team.B1,Richardson0694,hwkchia,eugenepeh
tutorial.W09,team.B1,yuhongherald,hwkchia,eugenepeh
tutorial.W09,team.B2,KevinCJH,hwkchia,eugenepeh
tutorial.W09,team.B2,trafalgarandre,hwkchia,eugenepeh
tutorial.W09,team.B2,kush1509,hwkchia,eugenepeh
tutorial.W09,team.B2,Jason1im,hwkchia,eugenepeh
tutorial.W09,team.B3,samuelloh,hwkchia,goweiwen
tutorial.W09,team.B3,Chweeee,hwkchia,goweiwen
tutorial.W09,team.B3,demitycho,hwkchia,goweiwen
tutorial.W09,team.B3,yapni,hwkchia,goweiwen
tutorial.W09,team.B4,Shawnclq,hwkchia,goweiwen
tutorial.W09,team.B4,yong-jie,hwkchia,goweiwen
tutorial.W09,team.B4,jethrokuan,hwkchia,goweiwen
tutorial.W09,team.B4,pukipuki,hwkchia,goweiwen
tutorial.W10,team.B1,ongkc,hwkchia,okkhoy
tutorial.W10,team.B1,phmignot,hwkchia,okkhoy
tutorial.W10,team.B1,Steven-Jia,hwkchia,okkhoy
tutorial.W10,team.B2,glorialaw,hwkchia,okkhoy
tutorial.W10,team.B2,XavierMaYuqian,hwkchia,okkhoy
tutorial.W10,team.B2,ongkuanyang,hwkchia,okkhoy
tutorial.W10,team.B3,jaxony,hwkchia,tshradheya
tutorial.W10,team.B3,samzx,hwkchia,tshradheya
tutorial.W10,team.B3,tohcheryl,hwkchia,tshradheya
tutorial.W10,team.B4,jlks96,hwkchia,tshradheya
tutorial.W10,team.B4,luca590,hwkchia,tshradheya
tutorial.W10,team.B4,Ng95junwei,hwkchia,tshradheya
tutorial.W11,team.B1,dannyngmx94,hwkchia,okkhoy
tutorial.W11,team.B1,sherlynng,hwkchia,okkhoy
tutorial.W11,team.B1,alexawangzi,hwkchia,okkhoy
tutorial.W11,team.B1,Aussiroth,hwkchia,okkhoy
tutorial.W11,team.B2,tinyjy94,hwkchia,okkhoy
tutorial.W11,team.B2,chanyikwai,hwkchia,okkhoy
tutorial.W11,team.B2,qwlai,hwkchia,okkhoy
tutorial.W11,team.B2,slothhy,hwkchia,okkhoy
tutorial.W11,team.B3,anh2111,hwkchia,joanneong
tutorial.W11,team.B3,tiny767,hwkchia,joanneong
tutorial.W11,team.B3,deeheenguyen,hwkchia,joanneong
tutorial.W11,team.B3,ChengSashankh,hwkchia,joanneong
tutorial.W11,team.B4,yeggasd,hwkchia,joanneong
tutorial.W11,team.B4,Caijun7,hwkchia,joanneong
tutorial.W11,team.B4,jingyinno,hwkchia,joanneong
tutorial.W11,team.B4,AzuraAiR,hwkchia,joanneong
tutorial.W13,team.B1,SuxianAlicia,hwkchia,okkhoy
tutorial.W13,team.B1,AJZ1995,hwkchia,okkhoy
tutorial.W13,team.B1,A0143487X,hwkchia,okkhoy
tutorial.W13,team.B1,amad-person,hwkchia,okkhoy
tutorial.W13,team.B2,bayweiheng,hwkchia,okkhoy
tutorial.W13,team.B2,william6364,hwkchia,okkhoy
tutorial.W13,team.B2,jiangyue12392,hwkchia,okkhoy
tutorial.W13,team.B2,raynoldng,hwkchia,okkhoy
tutorial.W13,team.B3,Kyomian,hwkchia,brandonyeoxg
tutorial.W13,team.B3,karenfrilya97,hwkchia,brandonyeoxg
tutorial.W13,team.B3,jasmoon,hwkchia,brandonyeoxg
tutorial.W13,team.B3,YuanQLLer,hwkchia,brandonyeoxg
tutorial.W13,team.B4,aguss787,hwkchia,brandonyeoxg
tutorial.W13,team.B4,dominickenn,hwkchia,brandonyeoxg
tutorial.W13,team.B4,natania-d,hwkchia,brandonyeoxg
tutorial.W13,team.B4,guekling,hwkchia,brandonyeoxg
tutorial.W14,team.B1,shanmu9898,hwkchia,okkhoy
tutorial.W14,team.B1,LimShiMinJonathan,hwkchia,okkhoy
tutorial.W14,team.B1,Sisyphus25,hwkchia,okkhoy
tutorial.W14,team.B1,randypx,hwkchia,okkhoy
tutorial.W14,team.B2,hzxcaryn,hwkchia,okkhoy
tutorial.W14,team.B2,koo1993,hwkchia,okkhoy
tutorial.W14,team.B2,SunBangjie,hwkchia,okkhoy
tutorial.W14,team.B2,shanwpf,hwkchia,okkhoy
tutorial.W14,team.B3,Ang-YC,hwkchia,kowshik-sundararajan
tutorial.W14,team.B3,kexiaowen,hwkchia,kowshik-sundararajan
tutorial.W14,team.B3,mhq199657,hwkchia,kowshik-sundararajan
tutorial.W14,team.B3,tanhengyeow,hwkchia,kowshik-sundararajan
tutorial.W14,team.B4,muruges95,hwkchia,kowshik-sundararajan
tutorial.W14,team.B4,tzerbin,hwkchia,kowshik-sundararajan
tutorial.W14,team.B4,Damienskt,hwkchia,kowshik-sundararajan
tutorial.W14,team.B4,WJY-norainu,hwkchia,kowshik-sundararajan
tutorial.W15,team.B1,emer7,hwkchia,devamanyu
tutorial.W15,team.B1,IzHoBX,hwkchia,devamanyu
tutorial.W15,team.B1,crizyli,hwkchia,devamanyu
tutorial.W15,team.B1,Yoochard,sooyj,devamanyu
tutorial.W15,team.B2,cxingkai,hwkchia,devamanyu
tutorial.W15,team.B2,ktingit,hwkchia,devamanyu
tutorial.W15,team.B2,nhs-work,hwkchia,devamanyu
tutorial.W15,team.B2,Kyholmes,hwkchia,devamanyu
tutorial.W15,team.B3,jas5469,hwkchia,eldriclim
tutorial.W15,team.B3,Isaaaca,hwkchia,eldriclim
tutorial.W15,team.B3,LeonidAgarth,hwkchia,eldriclim
tutorial.W15,team.B3,nhatquang3112,hwkchia,eldriclim
tutorial.W15,team.B4,amrut-prabhu,hwkchia,eldriclim
tutorial.W15,team.B4,MuhdNurKamal,hwkchia,eldriclim
tutorial.W15,team.B4,th14thmusician,hwkchia,eldriclim
tutorial.W15,team.B4,yash-chowdhary,hwkchia,eldriclim
tutorial.T09,team.B1,chuakunhong,sooyj,dalessr
tutorial.T09,team.B1,kengsengg,sooyj,dalessr
tutorial.T09,team.B1,TeyXinHui,sooyj,dalessr
tutorial.T09,team.B2,fuadsahmawi,sooyj,dalessr
tutorial.T09,team.B2,zuweitrack,sooyj,dalessr
tutorial.T09,team.B2,deborahlow97,sooyj,dalessr
tutorial.T09,team.B2,A0158738X,sooyj,dalessr
tutorial.T09,team.B3,AdityaA1998,sooyj,jeffryhartanto
tutorial.T09,team.B3,EdwardKSG,sooyj,jeffryhartanto
tutorial.T09,team.B3,iNekox3,sooyj,jeffryhartanto
tutorial.T09,team.B3,Livian1107,sooyj,jeffryhartanto
tutorial.T09,team.B4,chenxing1992,sooyj,jeffryhartanto
tutorial.T09,team.B4,HEARTOFAL1ON,sooyj,jeffryhartanto
tutorial.T09,team.B4,traceurgan,sooyj,jeffryhartanto
tutorial.T09,team.B4,marlenekoh,sooyj,jeffryhartanto
tutorial.T11,team.B1,a-shakra,sooyj,ashrafabdul
tutorial.T11,team.B1,chochihtun,sooyj,ashrafabdul
tutorial.T11,team.B1,yungyung04,sooyj,ashrafabdul
tutorial.T11,team.B1,raymond511,sooyj,ashrafabdul
tutorial.T11,team.B2,Philos22,sooyj,ashrafabdul
tutorial.T11,team.B2,Zacci,sooyj,ashrafabdul
tutorial.T11,team.B2,sarahgoh97,sooyj,ashrafabdul
tutorial.T11,team.B3,daviddalmaso,sooyj,jeffryhartanto
tutorial.T11,team.B3,Sebry9,sooyj,jeffryhartanto
tutorial.T11,team.B3,cambioforma,sooyj,jeffryhartanto
tutorial.T11,team.B3,limzk1994,sooyj,jeffryhartanto
tutorial.T11,team.B4,Articho28,sooyj,jeffryhartanto
tutorial.T11,team.B4,chenchongsong,sooyj,jeffryhartanto
tutorial.T11,team.B4,software-1234,sooyj,jeffryhartanto
tutorial.T11,team.B4,pkuhanan,sooyj,jeffryhartanto
tutorial.T15,team.B1,qinghao1,sooyj,madsonic
tutorial.T15,team.B1,bradyyo,sooyj,madsonic
tutorial.T15,team.B1,lowjiajin,sooyj,madsonic
tutorial.T15,team.B1,Sivalavida,sooyj,madsonic
tutorial.T15,team.B2,SoilChang,sooyj,madsonic
tutorial.T15,team.B2,jstarw,sooyj,madsonic
tutorial.T15,team.B2,yuxiangSg,sooyj,madsonic
tutorial.T15,team.B2,valerian.rey,sooyj,madsonic
tutorial.T15,team.B3,jaronchan,sooyj,Esilocke
tutorial.T15,team.B3,iFallUpHill,sooyj,Esilocke
tutorial.T15,team.B3,kaisertanqr,sooyj,Esilocke
tutorial.T15,team.B3,clarissayong,sooyj,Esilocke
tutorial.T15,team.B4,CYX28,sooyj,Esilocke
tutorial.T15,team.B4,dezhanglee,sooyj,Esilocke
tutorial.T15,team.B4,x3tsunayh,sooyj,Esilocke
tutorial.T15,team.B4,jill858,sooyj,Esilocke
tutorial.T16,team.B1,chantiongley,sooyj,madsonic
tutorial.T16,team.B1,LeKhangTai,sooyj,madsonic
tutorial.T16,team.B1,QiuHaohao,sooyj,madsonic
tutorial.T16,team.B1,victortardieu,sooyj,madsonic
tutorial.T16,team.B1,khiayi,sooyj,madsonic
tutorial.T16,team.B2,mattbuot,sooyj,asiddharth
tutorial.T16,team.B2,meerakanani10,sooyj,asiddharth
tutorial.T16,team.B2,ngshikang,sooyj,asiddharth
tutorial.T16,team.B2,ncaminh,sooyj,asiddharth
tutorial.F09,team.B1,Alaru,okkhoy,RonakLakhotia
tutorial.F09,team.B1,Pearlissa,okkhoy,RonakLakhotia
tutorial.F09,team.B1,JoonKai1995,okkhoy,RonakLakhotia
tutorial.F09,team.B1,WoodySIN,okkhoy,RonakLakhotia
tutorial.F09,team.B2,nicholasangcx,okkhoy,RonakLakhotia
tutorial.F09,team.B2,hoangduong1607,okkhoy,RonakLakhotia
tutorial.F09,team.B2,kokonguyen191,okkhoy,RonakLakhotia
tutorial.F09,team.B2,RyanAngJY,okkhoy,RonakLakhotia
tutorial.F09,team.B3,Eldon-Chung,okkhoy,k-l-a
tutorial.F09,team.B3,ewaldhew,okkhoy,k-l-a
tutorial.F09,team.B3,laichengyu,okkhoy,k-l-a
tutorial.F09,team.B3,neilish3re,okkhoy,k-l-a
tutorial.F09,team.B4,purplepers0n,okkhoy,k-l-a
tutorial.F09,team.B4,md-azsa,okkhoy,k-l-a
tutorial.F09,team.B4,jonathanwj,okkhoy,k-l-a
tutorial.F09,team.B4,Godxin,okkhoy,k-l-a
tutorial.F11,team.B1,Sheikh-Umar,okkhoy,karrui
tutorial.F11,team.B1,davidten,okkhoy,karrui
tutorial.F11,team.B1,WoodyLau,okkhoy,karrui
tutorial.F11,team.B1,A0155428B,okkhoy,karrui
tutorial.F11,team.B1,zhuleyan,okkhoy,karrui
tutorial.F11,team.B2,olimhc,okkhoy,karrui
tutorial.F11,team.B2,shookshire,okkhoy,karrui
tutorial.F11,team.B2,e0032017,okkhoy,karrui
tutorial.F11,team.B3,niloc94,okkhoy,OuyangDanwen
tutorial.F11,team.B3,wyinkok,okkhoy,OuyangDanwen
tutorial.F11,team.B3,e0052813,okkhoy,OuyangDanwen
tutorial.F11,team.B4,AlecNgZW,okkhoy,OuyangDanwen
tutorial.F11,team.B4,Wuhao-ooo,okkhoy,OuyangDanwen
tutorial.F11,team.B4,ZhangYijiong,okkhoy,OuyangDanwen
tutorial.F11,team.B4,ZacZequn,okkhoy,OuyangDanwen
tutorial.F12,team.B1,,okkhoy,erik0704
tutorial.F12,team.B2,wenhao53,okkhoy,erik0704
tutorial.F12,team.B2,Wayneong95,okkhoy,erik0704
tutorial.F12,team.B2,25382871,okkhoy,erik0704
tutorial.F12,team.B2,hypertun,okkhoy,erik0704
tutorial.F12,team.B3,shadow2496,okkhoy,OuyangDanwen
tutorial.F12,team.B3,KevinChuangCH,okkhoy,OuyangDanwen
tutorial.F12,team.B3,Nethergale,okkhoy,OuyangDanwen
tutorial.F12,team.B4,Der-Erlkonig,okkhoy,OuyangDanwen
tutorial.F12,team.B4,jonleeyz,okkhoy,OuyangDanwen
tutorial.F12,team.B4,melvintzw,okkhoy,OuyangDanwen
tutorial.F12,team.B4,zhangriqi,okkhoy,OuyangDanwen
tutorial.F14,team.B1,lithiumlkid,okkhoy,cjianhui
tutorial.F14,team.B1,codeeong,okkhoy,cjianhui
tutorial.F14,team.B1,jordancjq,okkhoy,cjianhui
tutorial.F14,team.B1,,okkhoy,cjianhui
tutorial.F14,team.B2,Aquarinte,okkhoy,cjianhui
tutorial.F14,team.B2,chialejing,okkhoy,cjianhui
tutorial.F14,team.B2,howardlondon,okkhoy,cjianhui
tutorial.F14,team.B2,wynonaK,okkhoy,cjianhui
tutorial.F14,team.B3,Marcus-cxc,okkhoy,liuyang1213
tutorial.F14,team.B3,quentinkhoo,okkhoy,liuyang1213
tutorial.F14,team.B3,leowweiching,okkhoy,liuyang1213
tutorial.F14,team.B3,pkaijun,okkhoy,liuyang1213
tutorial.F14,team.B4,fishTT,okkhoy,liuyang1213
tutorial.F14,team.B4,qiu-siqi,okkhoy,liuyang1213
tutorial.F14,team.B4,takuyakanbr,okkhoy,liuyang1213
tutorial.F14,team.B4,592363789,okkhoy,liuyang1213
tutorial.T09,team.B1,johnnychanjx,sooyj,dalessr
